,lon,lat
1219,20.986824243947144,52.25202115
1235,20.98471662915737,52.2541215
1310,20.986824243947144,52.25202115
1317,20.98912150572013,52.25263865
1322,20.986824243947144,52.25202115
1385,20.98912150572013,52.25263865
1386,20.98912150572013,52.25263865
1415,20.986824243947144,52.25202115
1432,20.98912150572013,52.25263865
1473,20.98912150572013,52.25263865
1483,20.98912150572013,52.25263865
1488,20.98912150572013,52.25263865
2375,20.98394041083064,52.25198325
1299,20.993138432142864,52.2559243
1341,20.9896581,52.2540382
1292,20.989941270805605,52.2507734
1303,20.989365022683906,52.249031200000005
1352,20.989941270805605,52.2507734
1390,20.989365022683906,52.249031200000005
1412,20.98803394894636,52.25101365
1180,20.99414806046731,52.2528586
1191,20.99559144529176,52.25098925
1176,20.99582720699233,52.2470267
1187,20.9931953,52.24589
1190,20.9931953,52.24589
1243,20.9931953,52.24589
1244,20.9931953,52.24589
1260,20.9931953,52.24589
1274,20.9931953,52.24589
1275,20.9940563884302,52.2462361
1279,20.9931953,52.24589
1283,20.9931953,52.24589
1311,20.992270424443696,52.2467873
1314,20.99582720699233,52.2470267
1316,20.9931953,52.24589
1327,20.9931953,52.24589
1328,20.9931953,52.24589
1353,20.9931953,52.24589
1372,20.9931953,52.24589
1383,20.992238731022447,52.2458057
1395,20.9940012,52.2467315
1406,20.99460701236333,52.2465736
1427,20.9931953,52.24589
1437,20.9931953,52.24589
1441,20.9931953,52.24589
1446,20.9931953,52.24589
1480,20.9931953,52.24589
1499,20.9931953,52.24589
1206,20.991255216149632,52.243994076730345
1373,20.994343,52.2419464
1470,20.994343,52.2419464
1495,20.9942229,52.2437677
1199,20.995520680189784,52.2450745
1262,20.99764856731013,52.2442653
1263,20.99764856731013,52.2442653
1291,20.9939215975184,52.24448395
1313,20.99678276350482,52.24544025
1318,20.99844644751158,52.24453875
1360,20.997524212136263,52.2471865
1493,20.99764856731013,52.2442653
2300,20.9984543,52.2432445
1233,21.00052676990952,52.25730295
1323,21.00045307979168,52.2583001
1225,20.999729813300785,52.2496416
1250,20.999729813300785,52.2496416
1208,21.004105542449523,52.2523353
1228,21.003841091312182,52.25440085
1257,21.00539224043812,52.2518277
1379,21.00650744358206,52.2504415
1443,21.0032723,52.2512121
1227,21.007798059530497,52.2551043
1268,21.00888590384088,52.2535674
1371,21.007798059530497,52.2551043
1455,21.007798059530497,52.2551043
2,21.010382091293803,52.25235695
9,21.0139633,52.2496936
1197,21.00980490287856,52.24836105
1200,21.00980490287856,52.24836105
1343,21.0132772,52.2462197
1358,21.01114228278524,52.24841155
1396,21.00980490287856,52.24836105
1431,21.00980490287856,52.24836105
1444,21.00952545017013,52.24863605
53,21.00683446212463,52.24955595
1258,21.006946471744943,52.2476621
1348,21.007666472924896,52.2485856
1359,21.007737848846205,52.24950985
1380,21.007737848846205,52.24950985
1421,21.007737848846205,52.24950985
1429,21.00683446212463,52.24955595
1479,21.0082128940964,52.24887495
1494,21.00683446212463,52.24955595
1347,21.005612803356343,52.2469132
1273,21.00370480766335,52.24658650000001
16,20.997879388462945,52.2409777
1205,20.9954211,52.2411767
1230,20.998618970854032,52.2401019
1264,20.997879388462945,52.2409777
1320,20.9954211,52.2411767
1364,20.997879388462945,52.2409777
1369,20.99571407871161,52.2417186
1440,20.997879388462945,52.2409777
1459,20.997879388462945,52.2409777
2250,20.99721693674087,52.2423754
1294,20.998208572500005,52.2422852
1346,21.00040431194356,52.24313515
1293,21.00128277411983,52.2410835
1301,21.005674910025704,52.24398685
1302,21.0121113,52.2431879
1388,21.007056555923405,52.2421294
1362,20.99826169448732,52.237105150000005
1367,20.999560534852293,52.2378986
1399,21.00010751577525,52.2363553
1425,20.9986749,52.2328113
1454,20.9986749,52.2328113
1467,21.000495011316183,52.23507115
1471,21.000495011316183,52.23507115
1478,21.000495011316183,52.23507115
1214,21.005657486270884,52.23598375
1411,21.0045991,52.2346928
1201,21.0078988,52.2350954
1218,21.0112,52.2360134
1254,21.011443565885425,52.23858135
1265,21.0112,52.2360134
1277,21.0112,52.2360134
1289,21.011856740344182,52.2366903
1342,21.0078988,52.2350954
1404,21.00890305,52.23807595
1211,21.0149805,52.2369647
1217,21.01343212120062,52.2371187
1261,21.0149805,52.2369647
1266,21.0149805,52.2369647
1271,21.0149805,52.2369647
1287,21.0149805,52.2369647
1325,21.0170839,52.2366646
1366,21.015693129786936,52.2394966
1389,21.0128924,52.2363305
1445,21.0149805,52.2369647
1461,21.0149805,52.2369647
1481,21.0149805,52.2369647
1336,21.0139886,52.2330035
1355,21.0146669,52.2347122
1426,21.0160435,52.2347104
1465,21.0178468,52.2343881
1178,21.0190578,52.2316047
1410,21.018432366269607,52.23210325
1442,21.0173498,52.2316446
1450,21.016273343084546,52.2333249
1451,21.01759025215555,52.23363055
1229,21.01854678018001,52.24569715
1350,21.0186148,52.2449825
1351,21.018140826040035,52.24633985
1374,21.0186148,52.2449825
1435,21.0186148,52.2449825
1456,21.0250259928793,52.2426704
1462,21.02365009423086,52.242455250000006
1477,21.02253075390977,52.2420995
1276,21.029181612962965,52.2385501
1281,21.02603807064004,52.2397696
1354,21.024877127463814,52.23962485
1416,21.023989802539496,52.2377947
1232,21.0194267,52.2330076
1234,21.018802416325222,52.2332934
1270,21.0219501,52.2338426
1290,21.0180805,52.2358312
1315,21.0210169,52.2342682
1361,21.01952979423336,52.2366579
1476,21.0187572,52.2341647
1193,21.0214634,52.2317822
1210,21.0232432,52.2329571
1246,21.0214634,52.2317822
1267,21.0237428,52.2328518
1272,21.0214634,52.2317822
1280,21.0214634,52.2317822
1308,21.0237428,52.2328518
1439,21.0237428,52.2328518
1487,21.0232432,52.2329571
1224,21.0272293,52.2341161
1424,21.02828315726159,52.23607205
1472,21.02828315726159,52.23607205
1489,21.02828315726159,52.23607205
7,21.02934819938008,52.23725175
1428,21.00545660385133,52.22644785
1485,21.0041965992987,52.2259533
1387,21.005821268594715,52.22452915
1400,21.006393248618785,52.22483855
1453,21.005821268594715,52.22452915
1466,21.005821268594715,52.22452915
1238,21.0048787,52.2277455
1282,21.0048787,52.2277455
1321,21.006954232583155,52.2252856
1409,21.007459743361025,52.2279333
1498,21.007441747148217,52.227512700000005
1220,21.011344,52.2274948
1237,21.011344,52.2274948
1306,21.0112708275992,52.22716665
1417,21.0112708275992,52.22716665
1449,21.01193833031073,52.2275114
1458,21.0112708275992,52.22716665
1469,21.011344,52.2274948
1202,21.0093787,52.2229371
1239,21.010985972985303,52.22341295
1269,21.01013139463673,52.223561450000005
1500,21.008688340609844,52.22403055
803,21.0129563,52.22291
1236,21.013449437819386,52.2238539
1240,21.012178982968067,52.22503535
1329,21.013449437819386,52.2238539
1345,21.0129563,52.22291
1377,21.013449437819386,52.2238539
1378,21.013449437819386,52.2238539
1195,21.016722534796543,52.225965
1196,21.01569867907581,52.22413275
1278,21.0181153,52.2238701
1490,21.0181153,52.2238701
1344,21.02123748643397,52.22512395
1392,21.01821475,52.2262545
1249,21.0110044,52.2210852
1326,21.01137712440879,52.22084105
1402,21.01137712440879,52.22084105
1482,21.01366121354555,52.22148095
1221,21.01436014743282,52.21945915
1256,21.014235645756585,52.2188236
1286,21.0184269,52.2179348
1332,21.017034864344502,52.21798425
1436,21.01667419829572,52.2197437
1179,21.021302702080867,52.21908315
1185,21.020265316318884,52.21897345
1194,21.020265316318884,52.21897345
1241,21.0221619,52.2194013
1319,21.0221619,52.2194013
1397,21.02123076691801,52.2186415
1430,21.02043225204637,52.22077585
1496,21.0221619,52.2194013
596,21.00870231933701,52.2106653
1174,21.01864800074173,52.2151446
1223,21.01864800074173,52.2151446
1242,21.0189017,52.2141766
1252,21.01793055229927,52.215635
1295,21.01864800074173,52.2151446
1391,21.016896920409422,52.21491445
1401,21.0210649,52.2149958
1259,21.022806740283208,52.21335485
1296,21.022806740283208,52.21335485
1339,21.02379469317303,52.2124745
1368,21.02304508171169,52.21277085
545,21.03757447307172,52.20932185
32,21.0351235,52.2209412
1204,21.0362544,52.2215124
1305,21.04383669933363,52.22056195
1376,21.03781612033046,52.22193765
1434,21.0351235,52.2209412
1448,21.0351235,52.2209412
1497,21.03781612033046,52.22193765
567,21.0446893674521,52.2181371
1251,21.039741541951525,52.21774365
1337,21.039741541951525,52.21774365
1384,21.04268065188839,52.2165504
481,21.040188873222267,52.2093337
1447,21.03913368148942,52.2140543
1198,21.0143692,52.2453973
1284,21.017904217026928,52.24301615
1333,21.017904217026928,52.24301615
1175,21.02142033994024,52.2372708
1186,21.02142033994024,52.2372708
1189,21.02142033994024,52.2372708
1222,21.0181978,52.2377936
1324,21.0207428,52.2372498
1357,21.02142033994024,52.2372708
1381,21.02142033994024,52.2372708
1408,21.02142033994024,52.2372708
1375,21.017357523054983,52.23965565
1288,21.0214708,52.2299978
1298,21.0214708,52.2299978
1340,21.0214708,52.2299978
28,21.023999749474857,52.2285099
1245,21.029610752461345,52.2238886
1405,21.023999749474857,52.2285099
1414,21.023999749474857,52.2285099
1433,21.023999749474857,52.2285099
1452,21.023734762015767,52.2274431
1464,21.023999749474857,52.2285099
1468,21.023999749474857,52.2285099
1248,21.030248586099784,52.2223265
1182,21.03566217243735,52.2339672
1183,21.03275190421001,52.2330773
1226,21.03502932835069,52.2314114
1457,21.037349711131384,52.230907
1188,21.039700247180143,52.2253827
1215,21.041741475,52.228048
1231,21.036484626321,52.22729155
1304,21.034025549644603,52.2244206
1349,21.034025549644603,52.2244206
1382,21.034025549644603,52.2244206
1418,21.034025549644603,52.2244206
44,21.037025318041785,52.224714
1213,21.03437246466361,52.22277355
1403,21.035562280164186,52.2231733
1422,21.038050287460752,52.224118950000005
1474,21.037025318041785,52.224714
1486,21.037025318041785,52.224714
1491,21.037025318041785,52.224714
2324,20.99900183684595,52.23096455
2276,21.000159346307363,52.2293609
2341,21.000159346307363,52.2293609
2385,21.000159346307363,52.2293609
1184,21.00579967561612,52.2317641
1207,21.00579967561612,52.2317641
1413,21.00579967561612,52.2317641
1203,21.01093125942145,52.22910055
1247,21.01093125942145,52.22910055
1192,21.014300926087856,52.2269788
1312,21.0161453732901,52.2294595
1398,21.0133516,52.2288594
1419,21.0149001,52.22921
2038,21.01508385271591,52.22711955
1463,21.0183974,52.2291629
1475,21.01939726480993,52.22714855
1212,21.013053141666667,52.23387325
1307,21.0125904,52.2345097
1338,21.0122328,52.2348647
1363,21.0120644,52.2337216
1420,21.01083947289981,52.233420800000005
1423,21.0117418,52.232763
1255,21.0152772,52.2315591
1297,21.0152772,52.2315591
1300,21.0152772,52.2315591
1330,21.0152772,52.2315591
1365,21.0152772,52.2315591
2452,20.99568736218867,52.2633573
41,20.99482926686536,52.2632388
2459,20.9926297,52.2625267
2438,20.99592659419631,52.2702796
2448,20.99592659419631,52.2702796
2453,20.9904972,52.2651339
2467,20.99097676788228,52.26797445
2477,20.99592659419631,52.2702796
2505,20.9904972,52.2651339
2510,20.99592659419631,52.2702796
49,20.979471148674914,52.2645921
2440,20.98170369671864,52.2670008
2479,20.97725225,52.2650436
2509,20.97963379864085,52.26566195
2457,20.98640179025436,52.26662605
2458,20.988638357607577,52.2642136
2483,20.983900597608454,52.26593835
43,20.987422688148627,52.2609784
51,20.987422688148627,52.2609784
52,20.987422688148627,52.2609784
2444,20.987422688148627,52.2609784
2455,20.98440815282051,52.26242075
2484,20.987422688148627,52.2609784
2500,20.987422688148627,52.2609784
34,20.9920787,52.2609868
36,20.9920787,52.2609868
2445,20.9920787,52.2609868
2450,20.98746990006394,52.26255385
2460,20.9920787,52.2609868
2462,20.9920787,52.2609868
2466,20.98746990006394,52.26255385
2468,20.9920787,52.2609868
2471,20.9920787,52.2609868
2473,20.9920787,52.2609868
2481,20.98746990006394,52.26255385
2485,20.9920787,52.2609868
2489,20.9920787,52.2609868
2496,20.9920787,52.2609868
2503,20.9920787,52.2609868
2504,20.98746990006394,52.26255385
2511,20.9920787,52.2609868
2447,20.98980439810667,52.27217829999999
2487,20.984488072660263,52.27574915
12,20.98641021146732,52.2723527
2432,20.992213300000003,52.2718261
2461,20.990083846870554,52.271197400000005
2494,20.99986642921792,52.27086655
2464,20.980736765921925,52.26906345
2465,20.98363488260069,52.26853055
2499,20.98363488260069,52.26853055
2507,20.9811484,52.2677491
1,20.977387416368053,52.2699179
2433,20.9767734,52.2660191
2439,20.9767734,52.2660191
2441,20.9787367456842,52.268964100000005
2469,20.9767734,52.2660191
2492,20.97597288364694,52.26740725
2495,20.9739513,52.2700906
2501,20.97640072140544,52.26932425
2472,20.976155,52.2705174
2474,20.976155,52.2705174
2431,20.964174476353687,52.26865765
2463,20.9635441,52.2673496
2475,20.969001963026805,52.26669855
2490,20.9647344498825,52.2708492
2491,20.9647344498825,52.2708492
2498,20.9647344498825,52.2708492
2506,20.9647344498825,52.2708492
2454,20.975558555738992,52.2643382
2480,20.97694839664956,52.2643843
2508,20.975558555738992,52.2643382
19,20.96462256668724,52.26479435
37,20.96126205,52.265490850000006
2436,20.96791029069093,52.264327
2434,20.96140752843264,52.2620271
2451,20.96068590843681,52.26332775
17,20.9767012,52.2741857
2437,20.97507058048725,52.2747576
2456,20.9740047,52.2721121
2476,20.9767012,52.2741857
2502,20.97293866022739,52.27314435
2482,20.9705662,52.2623714
2488,20.9696058,52.2601065
2486,20.97537786646251,52.25807255
2449,20.977365586445607,52.2610491
2435,20.96567183319513,52.25947445
2442,20.964426530329803,52.257448100000005
2478,20.96969305790012,52.2565218
2446,20.95734466248912,52.256540900000005
2493,20.957267725387137,52.25706765
2318,20.979331067673144,52.24571675
2354,20.9816462,52.2476655
2384,20.98027888936634,52.2482363
20,20.98485821076272,52.24760155
2265,20.983891987890537,52.24736965
2339,20.983891987890537,52.24736965
2351,20.983891987890537,52.24736965
2228,20.985574082256004,52.2407746
2229,20.983483554725737,52.2429411
2230,20.979673951430208,52.24387695
2284,20.98350304558366,52.2407896
2306,20.979673951430208,52.24387695
2323,20.98500054169768,52.24108685
2368,20.98500054169768,52.24108685
2278,20.9827818,52.2393827
2346,20.9827818,52.2393827
2249,20.98837990830945,52.24262525
2295,20.9890998,52.2439992
2420,20.98807303200001,52.24123925000001
2268,20.962325604972733,52.23417365
2275,20.9638882,52.2333783
2314,20.963272851990887,52.2360842
2395,20.96060085444604,52.2342181
2320,20.96975532781001,52.2359957
2342,20.96975532781001,52.2359957
2394,20.96975532781001,52.2359957
2399,20.96975532781001,52.2359957
38,20.97681123332912,52.2385775
2393,20.97595738884132,52.23811619999999
35,20.97545,52.2363429
2272,20.973361371282884,52.236875
2356,20.97674885055293,52.2363675
2367,20.977534543273027,52.23744975
2322,20.951988275235188,52.21855885
1484,20.97867024101208,52.22258435
2248,20.988161019543973,52.2367933
2252,20.982457405401824,52.2353929
2253,20.986881293852456,52.238621300000005
2274,20.9821019,52.2373558
2286,20.98625235717132,52.2368173
2355,20.98308340231374,52.2328673
2364,20.98625235717132,52.2368173
2387,20.98625235717132,52.2368173
2389,20.98625235717132,52.2368173
2396,20.988161019543973,52.2367933
2419,20.982457405401824,52.2353929
2289,20.9880282,52.2322785
2296,20.985865286836763,52.23132195
2302,20.98552788060538,52.2322741
2329,20.9880282,52.2322785
2343,20.9880282,52.2322785
2348,20.9880282,52.2322785
2400,20.9880282,52.2322785
2402,20.98664823648101,52.23183915
2403,20.98664823648101,52.23183915
2409,20.98664823648101,52.23183915
2410,20.98664823648101,52.23183915
2417,20.9878566,52.2329918
2421,20.9880282,52.2322785
2423,20.98664823648101,52.23183915
2425,20.9880282,52.2322785
2426,20.9880282,52.2322785
1253,20.99389394176345,52.2391069
2237,20.99411123085664,52.23973305
2279,20.9911741559076,52.2402975
2308,20.9903032,52.2394039
2363,20.99411123085664,52.23973305
2381,20.9911741559076,52.2402975
2388,20.9911741559076,52.2402975
2413,20.9911741559076,52.2402975
1177,20.99583152516973,52.2370705
1216,20.99552321940856,52.2378683
1331,20.99552321940856,52.2378683
2241,20.9946553233368,52.2366411
2337,20.99552321940856,52.2378683
2397,20.9937541,52.2368335
1370,20.9950474016992,52.2350368
2359,20.9950474016992,52.2350368
31,20.99241930868283,52.22889
1356,20.99119353007744,52.229302950000005
2371,20.9915374,52.228768
2374,20.991266976309547,52.22640895
2260,20.9931963,52.2303606
2315,20.9991591,52.230011
2362,20.99914302759503,52.23059035
2401,20.9931963,52.2303606
756,20.9992197,52.2269085
758,20.9992197,52.2269085
786,21.0006968,52.2272533
808,20.9992197,52.2269085
822,20.9992197,52.2269085
2281,20.9666336,52.24646075
2290,20.9666336,52.24646075
2243,20.95999033525592,52.24311015
2294,20.95999033525592,52.24311015
2309,20.9615049,52.2457612
2352,20.95999033525592,52.24311015
2412,20.95999033525592,52.24311015
2233,20.964486680765,52.23952255
2256,20.96212022900672,52.2368615
2301,20.96045109628122,52.24065685
2321,20.96164571448427,52.23869635
2357,20.964501619254825,52.2386068
2240,20.967565799427,52.24189695
2307,20.96858864879615,52.2362821
2313,20.966537251494305,52.240919
2338,20.96858864879615,52.2362821
2369,20.967565799427,52.24189695
2373,20.96858864879615,52.2362821
2407,20.97047943276985,52.23788805
2408,20.966123804686017,52.2382032
2411,20.967565799427,52.24189695
23,20.977386290844045,52.25148795
24,20.97676482744548,52.24836835
33,20.97676482744548,52.24836835
47,20.977386290844045,52.25148795
2254,20.9787403,52.2507066
2255,20.9787403,52.2507066
2261,20.9787403,52.2507066
2266,20.97676482744548,52.24836835
2280,20.9787403,52.2507066
2283,20.977386290844045,52.25148795
2319,20.97676482744548,52.24836835
2335,20.9787403,52.2507066
2366,20.9787403,52.2507066
2376,20.97676482744548,52.24836835
2383,20.977386290844045,52.25148795
2386,20.9787403,52.2507066
2390,20.97676482744548,52.24836835
0,20.97841009422049,52.25267745
5,20.978762798574525,52.25265945
27,20.97841009422049,52.25267745
1407,20.97739751216679,52.25275985
25,20.97637229164759,52.2415373
2235,20.97149678807537,52.23989335
2238,20.97421104529309,52.2394862
2292,20.9712259,52.2391002
2259,20.9646441,52.2328197
2269,20.96192082569433,52.2312882
30,20.9600586973314,52.2309609
2325,20.9611541,52.23074335
2428,20.9600586973314,52.2309609
2244,20.958458867811824,52.22761545
2271,20.967898685772305,52.23294475
2285,20.967898685772305,52.23294475
2226,20.97175517735708,52.2306663
2287,20.9753838,52.2286994
2317,20.974266113700786,52.2311545
2405,20.97175517735708,52.2306663
2427,20.976308554016192,52.23135345
2245,20.97657056953296,52.23427525
2424,20.979369966980165,52.234579
2372,20.97756028902321,52.23003495
2257,20.96421696204492,52.22679195
26,20.970137614160983,52.22822155
39,20.970137614160983,52.22822155
2227,20.97005323074521,52.2267934
2298,20.977087837553647,52.22865025
2334,20.970137614160983,52.22822155
2345,20.97426262240024,52.2275005
2418,20.970137614160983,52.22822155
2305,20.9479511204,52.24662635
2340,20.954396953352635,52.24752995
2365,20.942606442473625,52.24895315
2391,20.94653195822275,52.24722115
3,20.93719739168188,52.24175
4,20.93820015,52.2417422
8,20.942835758819506,52.24288815
46,20.946634310172325,52.2432261
2232,20.93719739168188,52.24175
2247,20.939556411878,52.2444714
2262,20.939556411878,52.2444714
2264,20.9395652,52.2444224
2277,20.939556411878,52.2444714
2291,20.946634310172325,52.2432261
2311,20.946217,52.24566355
2327,20.939556411878,52.2444714
2328,20.939556411878,52.2444714
2336,20.939556411878,52.2444714
2360,20.93874000214994,52.2420109
2370,20.939556411878,52.2444714
2378,20.939556411878,52.2444714
2414,20.93719739168188,52.24175
2239,20.94676148130556,52.242148400000005
2361,20.947377056940645,52.24109935
2398,20.9448723,52.2421315
2225,20.956766,52.2373619
6,20.950492638647944,52.2447435
10,20.954534447210342,52.2461132
2242,20.955791785373748,52.2450472
2263,20.95036479460383,52.2460422
2273,20.949186871868395,52.24596025
2312,20.948781504635942,52.2444451
2347,20.949186871868395,52.24596025
2380,20.949186871868395,52.24596025
2382,20.949186871868395,52.24596025
2415,20.94743592963618,52.2432295
2246,20.926196187032623,52.2306349
2406,20.929971378092027,52.2331771
2288,20.9458875499246,52.2359771
2422,20.949346205785712,52.23776345
21,20.94105374014161,52.2376117
50,20.93847933859228,52.23685265
2234,20.9385094,52.23608065
2304,20.93965030808264,52.238177
2377,20.9385094,52.23608065
2379,20.93633315045852,52.2353607
2429,20.936227619612044,52.23890165
2349,20.940148672576555,52.2340098
2350,20.94369394003937,52.23507145
2236,20.9346925,52.2307546
2330,20.9346925,52.2307546
2416,20.935153840699066,52.23308485
2267,20.94757341911536,52.23413155
2299,20.95634723953998,52.2342056
2282,20.953412276003505,52.23205105
2258,20.95388585,52.22832875
2358,20.94567668456684,52.2261879
2331,20.93625273337243,52.22118505
2333,20.9319135,52.2233255
2231,20.9486969,52.2243381
2251,20.9364662,52.2218231
2270,20.9364662,52.2218231
2293,20.9364662,52.2218231
2303,20.9364662,52.2218231
2316,20.9364662,52.2218231
2326,20.93906010064307,52.22148945
2332,20.948416,52.2254544
2353,20.9479724,52.2245316
2430,20.94742980997679,52.22490135
2310,20.95420374375444,52.225647050000006
2404,20.954029991332607,52.22431965
18,20.9896959,52.2230923
29,20.9896959,52.2230923
759,20.99132856191616,52.22476375
775,20.9935922,52.2251343
847,20.9896959,52.2230923
827,20.99275237706422,52.2172112
755,21.00046319258324,52.22198535
752,21.004079,52.2177513
753,21.00308155,52.21740765
767,20.998282089341167,52.2177343
770,20.99595863243293,52.21731325
772,21.00306017745016,52.21959645
784,21.004079,52.2177513
789,20.99592243722951,52.21784045
790,21.00306017745016,52.21959645
798,20.99595863243293,52.21731325
824,20.99595863243293,52.21731325
835,21.00394730250062,52.2180005
838,21.00405921788518,52.21748865
846,20.998282089341167,52.2177343
848,21.0009814,52.21957705
841,20.983912821508063,52.2219434
818,20.9755500737006,52.2196585
751,20.97977429018921,52.217555950000005
810,20.97977429018921,52.217555950000005
836,20.97977429018921,52.217555950000005
849,20.98182646171733,52.2195069
861,20.98182646171733,52.2195069
792,20.98275523336508,52.21755095
806,20.984377326593886,52.2167107
788,20.96792981722848,52.21585015
793,20.967550602940705,52.21371905
816,20.96792981722848,52.21585015
820,20.967550602940705,52.21371905
844,20.967550602940705,52.21371905
852,20.967550602940705,52.21371905
853,20.970036371664257,52.21630585
864,20.967550602940705,52.21371905
865,20.967550602940705,52.21371905
866,20.970036371664257,52.21630585
867,20.967550602940705,52.21371905
868,20.970036371664257,52.21630585
763,20.974328301553346,52.2163877
768,20.97437269467681,52.21521135
815,20.970583614281665,52.21445195
829,20.97285949625256,52.215039
855,20.972461242300785,52.2138919
857,20.973125350000004,52.2143837
797,20.979272,52.21575855
813,20.97791622407041,52.21621335
823,20.976755607289835,52.21666255
830,20.976501081060192,52.21565715
831,20.97620887716176,52.2125794
854,20.97558274119488,52.212869600000005
859,20.97581386871173,52.2141148
796,20.987192700295743,52.21263155
809,20.987192700295743,52.21263155
778,20.94238489640681,52.20626165
771,20.97551668648412,52.20881105
805,20.9778750757457,52.20983025
807,20.9778750757457,52.20983025
817,20.97551668648412,52.20881105
840,20.9778750757457,52.20983025
766,20.97851153027294,52.2061964
812,20.984466146679736,52.2090569
801,20.97250333977497,52.20297355
804,20.973226250000003,52.20268165
825,20.97250333977497,52.20297355
761,20.981366274202173,52.201211150000006
781,20.97622176893438,52.202516
814,20.98393278488092,52.204291600000005
794,20.98244122578508,52.1994653
791,20.974946160034925,52.206723
795,20.973601804626632,52.2049318
780,20.973539668477585,52.19963155
811,20.977811547394367,52.1995479
850,20.9740480785442,52.19681095
769,20.98108860394616,52.19672865
782,20.97832002879888,52.194963
477,20.9913452,52.2090608
522,20.996753163775075,52.20707455
564,20.99596919217485,52.20695585
574,20.996753163775075,52.20707455
599,20.99596919217485,52.20695585
673,20.996753163775075,52.20707455
760,20.99598843601624,52.21594075
842,21.004975390992563,52.2104532
862,20.997023599238304,52.21386495
863,20.997023599238304,52.21386495
845,20.96126522021348,52.2137052
821,20.9671403,52.20897165
851,20.967294748191406,52.21168325
856,20.96623860173564,52.208395550000006
754,20.970636790692645,52.2079747
828,20.971643743500085,52.20939775
757,20.96620337986493,52.20595435
765,20.96620337986493,52.20595435
773,20.96620337986493,52.20595435
779,20.968213302251705,52.2045261
787,20.96620337986493,52.20595435
834,20.968458367118224,52.20481605
858,20.96620337986493,52.20595435
762,20.956985255277225,52.21039685
764,20.95274432669416,52.2103455
777,20.95274432669416,52.2103455
802,20.95627414866953,52.20798095
833,20.954610353432592,52.20803715
839,20.957785767959106,52.21075505
776,20.951924462999543,52.202360600000006
785,20.95902637876448,52.20032435
800,20.952053994476746,52.2023305
826,20.95292627565806,52.20199045
774,20.96126517837637,52.2020643
783,20.961564146749524,52.2031138
799,20.965213261205903,52.200236
819,20.96176979603635,52.20076525
832,20.96250838265155,52.2010661
837,20.961347726693223,52.201891450000005
843,20.96566591382229,52.19961945
669,20.99957839466086,52.206981850000005
682,21.001671955872247,52.2085398
649,21.0096577685971,52.208802950000006
607,21.014138723888337,52.21020085
660,21.014138723888337,52.21020085
679,21.014138723888337,52.21020085
695,21.016093816476342,52.20855015
696,21.016093816476342,52.20855015
718,21.016093816476342,52.20855015
732,21.014138723888337,52.21020085
735,21.016093816476342,52.20855015
739,21.014138723888337,52.21020085
742,21.016093816476342,52.20855015
662,21.0004739,52.2016191
485,21.00634477902331,52.2040857
491,21.008014397396146,52.204246600000005
504,21.004477270582804,52.2059013
512,21.004477270582804,52.2059013
538,21.008014397396146,52.204246600000005
581,21.004477270582804,52.2059013
611,21.008014397396146,52.204246600000005
734,21.004477270582804,52.2059013
479,21.01204793511134,52.2048863
621,21.014167562148383,52.20551105
625,21.014167562148383,52.20551105
647,21.014167562148383,52.20551105
701,21.014167562148383,52.20551105
708,21.01379480312574,52.2037093
724,21.014167562148383,52.20551105
489,21.01519013073917,52.2059154
509,21.020649589754857,52.20664
543,21.019163858489023,52.2072626
710,21.01551185375304,52.20807545
598,21.02357583781164,52.20789225
650,21.02287547512577,52.2068787
671,21.02357583781164,52.20789225
681,21.0237556,52.2089716
707,21.02357583781164,52.20789225
726,21.02277895988357,52.2090477
498,21.0261893,52.20224565
580,21.02578605,52.2049825
683,21.02812837985088,52.20546495
14,21.0304073,52.200516
556,21.032707279492023,52.20166065
563,21.0304073,52.200516
630,21.032033953452537,52.20173
729,21.0303179,52.2016251
506,21.00373415,52.2016958
614,21.005505785231662,52.1976303
623,21.004287264213453,52.19703440000001
561,21.005854394291752,52.19973965
575,21.009769353414463,52.19537125
643,21.00759025396217,52.201025
658,21.0096902,52.1983118
675,21.0096902,52.1983118
461,21.01481534686411,52.20269405
483,21.01315145,52.2016361
546,21.01527349494036,52.20009775
593,21.01425494896024,52.198769850000005
731,21.0176921,52.19709935
748,21.0141766,52.196262
749,21.0141766,52.196262
505,21.01952651483331,52.2032543
560,21.01655214305308,52.2029058
571,21.0209054,52.2007281
612,21.01655214305308,52.2029058
637,21.018170748741944,52.19989685
645,21.0195232,52.1997383
657,21.0172071,52.2014916
676,21.01655214305308,52.2029058
694,21.01655214305308,52.2029058
475,21.04580079777431,52.20101459999999
501,21.04580079777431,52.20101459999999
519,21.04735985,52.20022915
570,21.04735985,52.20022915
576,21.04580079777431,52.20101459999999
592,21.04580079777431,52.20101459999999
603,21.04580079777431,52.20101459999999
655,21.04735985,52.20022915
747,21.04776740277157,52.1994421
13,21.0394438,52.1961443
547,21.034679523663844,52.1976072
619,21.0329322133785,52.1984835
472,20.99454445,52.1969458
518,21.0003337,52.194863350000006
616,20.99953744647821,52.19423245
618,20.991798677407505,52.19412595
690,20.992437418133672,52.19536695
723,20.99418000761319,52.1973718
467,20.9884178,52.1887543
523,20.9941684373509,52.19097725
42,20.99870275808553,52.19133025
528,20.996232355738705,52.1903032
533,20.99615047496393,52.1916441
588,20.999238112151907,52.1898813
628,20.9989078773446,52.1916614
646,20.999238112151907,52.1898813
664,21.00086152502157,52.1902175
668,20.999238112151907,52.1898813
684,21.00086152502157,52.1902175
693,21.00086152502157,52.1902175
709,21.00086152502157,52.1902175
725,20.99870275808553,52.19133025
737,20.99870275808553,52.19133025
740,20.99870275808553,52.19133025
744,20.99870275808553,52.19133025
488,21.004719636144344,52.19091485
495,21.00606049597249,52.1941299
610,21.004363935459228,52.1938966
632,21.005553515938047,52.19063485
663,21.00598594677703,52.1921856
741,21.009430620978144,52.1928282
602,21.013302165962443,52.19342275
622,21.012131204311707,52.1920228
703,21.01085858822821,52.19040575
514,21.01734816085355,52.19462125
687,21.01933688785342,52.1942339
466,21.018616338381545,52.1927184
615,21.017427080369256,52.19176725
704,21.018616338381545,52.1927184
721,21.0203165748417,52.19100305
549,21.0234507,52.1944123
651,21.019134715630763,52.195912500000006
685,21.022978866185497,52.1905079
722,21.021537848321664,52.1935141
460,21.02513911163412,52.1987336
507,21.025071885416665,52.1948002
510,21.02513911163412,52.1987336
582,21.02625025948768,52.19327005
613,21.026328013823274,52.19187895
670,21.026328013823274,52.19187895
745,21.026328013823274,52.19187895
680,21.0202496,52.1833861
697,21.0206259,52.184142
490,21.0507477,52.1796383
508,21.0532032,52.18293695
530,21.04838152862914,52.1832198
609,21.0521537,52.1803844
699,21.048361845769087,52.17957765
487,21.048578826772896,52.17719445
503,21.05720206495853,52.17312495
513,21.0556261,52.1765703
584,21.05896018253408,52.176092
606,21.062367960081133,52.17410815
689,21.062454995494264,52.173382700000005
706,21.0556261,52.1765703
720,21.0516955,52.17837165
736,21.062454995494264,52.173382700000005
743,21.062454995494264,52.173382700000005
577,21.0646974926022,52.18339585
642,21.06208853273497,52.18196335
702,21.05899332686455,52.1814462
635,21.00396664029637,52.1864765
624,20.99670775,52.1768556
659,20.9987243,52.1756834
463,20.999063910722583,52.1731535
469,20.99535569432756,52.17534915
540,20.9941679,52.1733844
617,20.996126534446844,52.1740214
677,20.9949986,52.1739855
715,20.98848092164431,52.1768728
464,21.00440258111552,52.18249295
499,21.0077658,52.1823993
502,21.00440258111552,52.18249295
597,21.00440258111552,52.18249295
644,21.00440258111552,52.18249295
653,21.00440258111552,52.18249295
626,21.012097982790948,52.17736815
521,21.002987803392035,52.1772368
562,21.0070531,52.1748589
654,21.00846627432019,52.1738998
678,21.002987803392035,52.1772368
700,21.00939108667137,52.1726225
536,21.0044077,52.16862455
557,21.00053933303962,52.17211645
639,21.00190767315404,52.1721512
666,21.00074385,52.1703685
691,21.0017621,52.1706375
711,21.005868937335137,52.16833695
482,21.0264865,52.1765031
520,21.0218411,52.1743268
554,21.0221984,52.1745665
716,21.0264865,52.1765031
586,21.031900350333924,52.1730931
730,21.0288209,52.1742665
595,21.0242636,52.1709784
541,20.9951995,52.2023268
524,20.991377084728114,52.19808495
860,20.98832142933816,52.20490325
480,20.98656135569034,52.19643795
652,20.98762490046527,52.1920079
750,20.98827560675356,52.195998
493,21.046966887254904,52.21041395
500,21.039515846302525,52.20868405
674,21.040633523076924,52.20807985
712,21.046966887254904,52.21041395
537,21.035040385777023,52.20611685
558,21.033638137372304,52.20615085
569,21.035606509505588,52.20528515
656,21.0353456,52.2030348
665,21.0353456,52.2030348
717,21.0357326,52.2029133
462,21.03806050204564,52.205139
486,21.0406524,52.2048953
525,21.040070613523405,52.2038987
578,21.03998318530315,52.2057363
579,21.038153502378428,52.2035151
629,21.039169923920856,52.2017561
640,21.0400639,52.2049464
686,21.03947347403787,52.20497655
713,21.03748697103178,52.203854750000005
542,21.044069033694647,52.2036124
667,21.04596735266845,52.2043249
692,21.04596735266845,52.2043249
727,21.044069033694647,52.2036124
516,21.0140909,52.1885079
572,21.0140909,52.1885079
583,21.01865527771832,52.18465305
620,21.01731333729132,52.18487885
531,21.01255515015196,52.1817536
608,21.01017362802512,52.18275165
496,21.015676906988595,52.17763755
497,21.0169672,52.1743996
634,21.0199374,52.1772291
641,21.01987773403716,52.1769906
470,21.01499527522905,52.17078795
548,21.01283874873084,52.170468
551,21.01222055,52.1727392
587,20.993246038923488,52.18695545
746,20.991650723165712,52.1850849
473,20.98896054699104,52.1848514
478,20.997151195384184,52.18380475
484,20.98896054699104,52.1848514
568,20.99678245,52.1809639
601,20.9962876,52.1799996
688,20.99499115150212,52.1812224
594,21.0011847,52.1823401
636,20.99909624526119,52.1795861
492,21.0327083,52.1727325
511,21.0327083,52.1727325
550,21.031092061784385,52.1714037
559,21.0289819643844,52.17033695
476,21.03900896617821,52.1735439
517,21.04201974464913,52.17332089999999
600,21.03900896617821,52.1735439
589,21.04966452827273,52.209199
633,21.050433513841504,52.20963
605,21.05898070974889,52.210838
631,21.05898070974889,52.210838
468,21.0518775149149,52.2009078
494,21.074600021860466,52.20905585
532,21.073650144448184,52.21181215
573,21.073650144448184,52.21181215
719,21.083030118115943,52.20779455
738,21.073650144448184,52.21181215
566,21.0303811,52.18663255
661,21.044650452342985,52.18426985
534,21.039199,52.1760874
465,21.025829736071508,52.18622085
474,21.0239946,52.1842205
529,21.02651106246029,52.18804795
555,21.02579050208446,52.1878258
590,21.02717956465878,52.18399235
648,21.02707860392164,52.18787055
526,21.06354323928334,52.1951517
535,21.06382018216097,52.19408515
552,21.060725,52.1900115
591,21.0619282,52.1889019
728,21.0574613,52.1928786
471,21.0683516,52.1859213
515,21.068658816851386,52.1874808
539,21.068658816851386,52.1874808
553,21.070937743612674,52.18753015
585,21.064914959346105,52.18792115
705,21.066234,52.1859819
733,21.0660974,52.1859494
2027,21.0695938,52.1856414
2134,21.0637384,52.1701167
604,21.05500013334747,52.18918635
627,21.04974863312625,52.19111135
638,21.05500013334747,52.18918635
527,21.0557102,52.1849713
544,21.05651977371165,52.18575715
672,21.0557102,52.1849713
698,21.05910216517857,52.18435795
714,21.0557102,52.1849713
875,21.05940752255352,52.23383715
891,21.056083742816764,52.23672185
912,21.05626610686776,52.235939
966,21.05940752255352,52.23383715
1011,21.054348631748816,52.23565755
873,21.0531551566424,52.23024665
906,21.05382656592562,52.22825015
928,21.05188757739095,52.2296142
962,21.05236761761664,52.22711195
1008,21.055264233427373,52.2276905
905,21.053842373445377,52.23168295000001
941,21.04819709848601,52.2344071
955,21.051587734136056,52.23107065
970,21.053300830434782,52.23196225
996,21.05200833330277,52.2330882
1000,21.05157155904621,52.2336815
948,21.057333150000005,52.22885545
1007,21.06031756678459,52.23010515
877,21.06286236213616,52.234169300000005
879,21.057848611321347,52.23755795
917,21.0640404,52.23612635
922,21.05932624144832,52.2345861
937,21.06449975,52.23495
987,21.05933976187372,52.23651515
988,21.0614764,52.2395532
1026,21.05933976187372,52.23651515
1030,21.05933976187372,52.23651515
1036,21.05933976187372,52.23651515
1048,21.060512643875533,52.23742965
1052,21.05933976187372,52.23651515
1059,21.066075575593327,52.234830200000005
981,21.06529931646597,52.23261245
994,21.063285793521217,52.2292608
1002,21.06529931646597,52.23261245
1029,21.068370114801343,52.2317738
880,21.06666205378997,52.229027
900,21.069548138999863,52.2268973
924,21.07120668429096,52.226975
940,21.06666205378997,52.229027
958,21.06666205378997,52.229027
960,21.0680027,52.2256319
961,21.06934000413436,52.22746935000001
990,21.0652159,52.2261243
995,21.06666205378997,52.229027
1012,21.06666205378997,52.229027
1032,21.06666205378997,52.229027
957,21.06234414800937,52.2238861
1040,21.06480972084058,52.2241858
882,21.055318962671794,52.2478749
890,21.055318962671794,52.2478749
936,21.0455242,52.2479567
943,21.0455242,52.2479567
968,21.048396565688915,52.2487056
974,21.055318962671794,52.2478749
982,21.05387340850677,52.2478909
1028,21.055318962671794,52.2478749
1046,21.048396565688915,52.2487056
1053,21.048396565688915,52.2487056
871,21.08364554041861,52.25241055
953,21.07857679959132,52.2523879
976,21.05818790349408,52.2483759
927,21.069675796368948,52.2499267
939,21.0637088,52.2463195
997,21.065048102559217,52.247592100000006
1016,21.065000730979687,52.2470439
1039,21.07211588989139,52.24825015
1022,21.10210788642617,52.2504645
950,21.07775654076384,52.2517172
973,21.07775654076384,52.2517172
1027,21.0788315332136,52.24994015
876,21.080981724300763,52.24609635
881,21.080981724300763,52.24609635
885,21.082535684437406,52.24849718587893
894,21.077200015885293,52.24637695
899,21.077200015885293,52.24637695
909,21.079524832497228,52.247189500000005
910,21.08180638608673,52.2494107623234
911,21.080981724300763,52.24609635
920,21.082535684437406,52.24849718587893
923,21.080981724300763,52.24609635
951,21.080981724300763,52.24609635
964,21.080981724300763,52.24609635
971,21.07598695,52.24862735
991,21.080981724300763,52.24609635
993,21.080169475384388,52.24830275
999,21.08156306252328,52.24683845
1004,21.080981724300763,52.24609635
1025,21.080981724300763,52.24609635
1031,21.077200015885293,52.24637695
1033,21.082535684437406,52.24849718587893
1037,21.082783676296827,52.246931700000005
1043,21.077200015885293,52.24637695
1050,21.079197097236182,52.24535245
1057,21.0821985,52.2478753
897,21.09537202949888,52.24844125
954,21.09606510091984,52.2494124
1024,21.0939302655514,52.2488328
884,21.08742362172213,52.24585635
1006,21.0885735,52.2463519
1038,21.094020911046183,52.2464977
1054,21.094020911046183,52.2464977
1055,21.094020911046183,52.2464977
898,21.113051300743493,52.2416784
929,21.11307983471487,52.24501965
930,21.11308494447588,52.2431598
931,21.10962245837979,52.2405322
933,21.1126313,52.2437044
965,21.108271786243403,52.24717985
1021,21.10674057033315,52.2451054
888,21.0692958,52.243573
915,21.07136649237785,52.24397345
1013,21.063044004636826,52.24512305
1023,21.07238953378808,52.24406185
1003,21.07875445,52.24437195
892,21.080741913535977,52.2420321
947,21.083761540504383,52.2437245
952,21.080741913535977,52.2420321
984,21.08171832397496,52.241975
1035,21.080741913535977,52.2420321
870,21.07639727693812,52.2386794
872,21.0794034,52.2376633
901,21.076819288126,52.24116115
938,21.079003825248225,52.24093715
980,21.0794034,52.2376633
983,21.077128214165512,52.2398848
989,21.07860194456521,52.238998
1015,21.0794034,52.2376633
1019,21.079003825248225,52.24093715
1034,21.079003825248225,52.24093715
919,21.088349986776173,52.243604
1014,21.08707035,52.2422646
1061,21.08801858383368,52.2434372
934,21.0831102,52.2387138
945,21.08240450971576,52.2379296
11,21.092372765860976,52.2414301
903,21.0922847,52.2422467
914,21.100430451369828,52.24132564999999
918,21.09694,52.2393798
921,21.0922847,52.2422467
979,21.0922847,52.2422467
986,21.0922847,52.2422467
913,21.08739460841984,52.2395311
944,21.092550194982508,52.23818855
998,21.08739460841984,52.2395311
1017,21.08739460841984,52.2395311
886,21.106670816170432,52.2396804
908,21.10484539513048,52.237649000000005
925,21.10194615487851,52.23992745
1018,21.10761329201224,52.2394582
1058,21.0999864773224,52.23767
902,21.11179257430007,52.235397
904,21.102392898544203,52.2364197
946,21.10585515693365,52.23603
949,21.100084847123888,52.2370932
956,21.099681,52.2342378
992,21.100084847123888,52.2370932
1044,21.100084847123888,52.2370932
1001,21.1149034,52.2373973
926,21.07946834097727,52.2313066
935,21.07820159908016,52.232279250000005
959,21.0784591,52.2341463
963,21.0788243,52.23295795
969,21.0823734,52.232054
1041,21.07946834097727,52.2313066
883,21.103157663617,52.23299665
889,21.08090172078145,52.22918475
896,21.076062893682835,52.2300747
916,21.07614280546051,52.228554
975,21.08090172078145,52.22918475
977,21.08022497336505,52.2279418
942,21.0874091,52.2273534
972,21.088031626921445,52.22521966579771
1010,21.0874091,52.2273534
1060,21.0874091,52.2273534
874,21.104909865384617,52.22855435
1051,21.1021082,52.22767965
1005,21.09875255651012,52.22614455
1047,21.10123367885237,52.22742315
895,21.093746469584524,52.22580862238648
932,21.09872624398384,52.22476179907887
967,21.088211366492747,52.22372205
1009,21.0877221,52.2238296
887,21.08485830013123,52.22165255
893,21.08193074244288,52.2247553
1042,21.080932825833905,52.2247317
869,21.1267381,52.237048
878,21.12654861874228,52.23863059999999
907,21.1271427,52.2377223
985,21.12767419212405,52.2357531
978,21.106509268868944,52.2470974
45,21.097054309824568,52.2446497
1020,21.10387418665544,52.24561175
1045,21.103205,52.2455672
1049,21.097054309824568,52.2446497
1056,21.097054309824568,52.2446497
1087,21.026997754004803,52.25062745
1088,21.029373574851924,52.249153
1089,21.026997754004803,52.25062745
1134,21.026997754004803,52.25062745
1079,21.0346245,52.2524956
1112,21.0334364,52.2532523
1117,21.0356824,52.2522344
1121,21.03095030287471,52.2504862
1100,21.0355513,52.2502338
1125,21.03487547411576,52.2501951
1063,21.02747348877245,52.26199595
1081,21.02514343849458,52.262401
1084,21.031429817978733,52.26274345
1132,21.02514343849458,52.262401
1135,21.02638831225601,52.26201705
1137,21.02638831225601,52.26201705
1148,21.02638831225601,52.26201705
1065,21.03206923039555,52.25973395
1070,21.03495692117452,52.26059705
1080,21.0316465235631,52.25800815
1094,21.03206923039555,52.25973395
1102,21.03320408246424,52.25891835
1106,21.03320408246424,52.25891835
1115,21.03047411299459,52.26006555
1116,21.03320408246424,52.25891835
1120,21.033205765203697,52.2616523
1145,21.03320408246424,52.25891835
15,21.032028606305254,52.26559315
1067,21.03310532602753,52.26366695
1083,21.032028606305254,52.26559315
1091,21.0303722323212,52.26592215
1103,21.03578182611496,52.2627474
1108,21.03578182611496,52.2627474
1114,21.032028606305254,52.26559315
1139,21.03578182611496,52.2627474
1142,21.035958212962345,52.2613087
1097,21.03266102879205,52.2574903
1101,21.030339238179103,52.256594
1141,21.03266102879205,52.2574903
1146,21.03266102879205,52.2574903
1147,21.03266102879205,52.2574903
1149,21.03266102879205,52.2574903
1068,21.039881188181724,52.2623111
1078,21.041813763256805,52.2634272
1085,21.041147157975807,52.26148925
1136,21.039881188181724,52.2623111
1086,21.0444819,52.2592449
1098,21.0444819,52.2592449
1105,21.04344551932917,52.2601233
1066,21.0375724,52.2537876
1124,21.0375724,52.2537876
1130,21.0375724,52.2537876
1064,21.043940055206043,52.25277775
1082,21.039242720799727,52.254049300000005
1140,21.039242720799727,52.254049300000005
1090,21.050079133193588,52.2550949
1119,21.048283923222904,52.2558552
1126,21.048283923222904,52.2558552
1144,21.048283923222904,52.2558552
1072,21.047064,52.25397035
1074,21.0511824,52.2522112
1093,21.0511824,52.2522112
1099,21.0511824,52.2522112
1111,21.0511824,52.2522112
1118,21.0511824,52.2522112
1129,21.0483205,52.25427
1143,21.0511824,52.2522112
1062,21.05792964549626,52.2571443
1069,21.05792964549626,52.2571443
1073,21.053860291648142,52.2569438
1075,21.05792964549626,52.2571443
1076,21.0574968980961,52.2578994
1092,21.05792964549626,52.2571443
1095,21.05792964549626,52.2571443
1107,21.05617941619876,52.26181285
1109,21.053860291648142,52.2569438
1110,21.05792964549626,52.2571443
1122,21.053860291648142,52.2569438
1127,21.057394119085423,52.25935495
1128,21.05292585,52.25792545
1131,21.05792964549626,52.2571443
1133,21.057394119085423,52.25935495
1138,21.05792964549626,52.2571443
1567,21.014990222862544,52.2922231
1577,21.014990222862544,52.2922231
1587,21.014990222862544,52.2922231
1597,21.014990222862544,52.2922231
1605,21.0225688,52.2837523
1614,21.014990222862544,52.2922231
1619,21.014990222862544,52.2922231
1071,21.006160171574454,52.2885351
1113,21.006160171574454,52.2885351
1150,21.006160171574454,52.2885351
347,20.961653051737187,52.2795626
370,20.968568427649352,52.2754806
403,20.968568427649352,52.2754806
415,20.961653051737187,52.2795626
459,20.96323600646128,52.27726515
387,20.970164407789383,52.28341315
421,20.966811449999994,52.28228235
329,20.9722683,52.2831167
344,20.97671574460697,52.2864463
352,20.974649,52.2842167
355,20.974649,52.2842167
390,20.9779055,52.2807175
408,20.9721423,52.2843575
429,20.9780001,52.2834515
438,20.974046541287333,52.2800675
342,20.948659408333345,52.2814155
373,20.95076433639303,52.2854001
394,20.942415861367124,52.2843702
413,20.95018933269801,52.286498
437,20.94475815064797,52.28353485
442,20.950334818848987,52.28377855
337,20.955229794705065,52.28245255
378,20.958820110435013,52.27839205
397,20.954779291531523,52.28163545
404,20.95496350879976,52.28033555
424,20.95813255,52.2793757
440,20.95470610762465,52.27892695
364,20.941013167016408,52.2763151
380,20.9395035,52.2771589
409,20.9395035,52.2771589
411,20.9395035,52.2771589
436,20.9414732,52.2747007
452,20.9395035,52.2771589
2470,20.94307170787671,52.27179485
338,20.96026776859795,52.2730496
350,20.95400074959744,52.2730289
368,20.95646588399857,52.2749311
381,20.95667226927288,52.2741083
384,20.948351767292564,52.27404605
406,20.949236494453302,52.27445405
418,20.948327662765337,52.2749307
428,20.961600656334177,52.27346955
444,20.95400074959744,52.2730289
330,20.955268105758552,52.27037615
449,20.955268105758552,52.27037615
332,20.939519314956016,52.2695925
398,20.93869056993558,52.27230405
412,20.93611200673292,52.2725802
441,20.941025464507355,52.27098445
447,20.94627474906119,52.2703488
371,20.9437781,52.2664186
389,20.9437781,52.2664186
385,20.95184589455437,52.26566895
396,20.95429310755573,52.26750195
405,20.952653409913687,52.2672947
432,20.9484999,52.2671615
335,20.94261508661088,52.2921616
369,20.9380181,52.2943077
393,20.93855506058076,52.2955217
410,20.93945575688817,52.29374655
430,20.938496192091463,52.296326050000005
358,20.941679903968016,52.29054065
372,20.94316946281144,52.291509000000005
401,20.9443171,52.2881291
363,20.937884680215497,52.2908927
400,20.933113485712376,52.29173745
435,20.93410202047231,52.29262065
353,20.9380414120972,52.2885295
354,20.93678626548505,52.2865874
422,20.93827377227465,52.2894435
336,20.9322197,52.2836689
345,20.93959731390651,52.2843984
359,20.93835279732553,52.28314965
367,20.93777620756972,52.28509015
414,20.93959731390651,52.2843984
439,20.938936295455143,52.2836702
443,20.9322197,52.2836689
450,20.9322197,52.2836689
455,20.9322197,52.2836689
388,20.9270841,52.2866774
420,20.926633697194504,52.28134365
377,20.9371113,52.2807454
339,20.914179683894147,52.2755494
425,20.918403607004592,52.277438200000006
333,20.92578668943941,52.27483175
340,20.92062696197264,52.27385565
327,20.9317479499366,52.27254225
328,20.927736364923103,52.27095485
334,20.931107026022552,52.27587845
341,20.9296699562365,52.2725335
356,20.93111859496345,52.2748173
362,20.9296699562365,52.2725335
366,20.9305406,52.27330675
383,20.927736364923103,52.27095485
386,20.927736364923103,52.27095485
417,20.93350974087462,52.27794265
419,20.93111859496345,52.2748173
434,20.9296699562365,52.2725335
391,20.959102204204264,52.282759
427,20.959102204204264,52.282759
331,20.96025836484742,52.29520515
374,20.96011260691919,52.29586145
376,20.96011260691919,52.29586145
382,20.941957868891777,52.29987395
343,20.933950309163745,52.3071843
326,20.92291795000001,52.3097612
346,20.917420236086954,52.3128642
348,20.92291795000001,52.3097612
361,20.9152157,52.3115841
365,20.924121047829832,52.306575
375,20.917420236086954,52.3128642
395,20.917420236086954,52.3128642
416,20.9198062,52.3108304
426,20.92022393409013,52.30821005
431,20.917420236086954,52.3128642
360,20.88149414418886,52.3021419
448,20.8830863,52.3021978
445,20.87755701246948,52.2876668
357,20.943073104017323,52.27695945
392,20.944186250000005,52.28203865
433,20.944184273964563,52.2794062
446,20.9395642,52.277452
451,20.94299314187224,52.2815074
453,20.9395642,52.277452
454,20.9395642,52.277452
456,20.9395642,52.277452
457,20.9395642,52.277452
351,20.95004459914845,52.2776822
379,20.9510155,52.2767648
399,20.9489177,52.2772809
402,20.949600840264186,52.2782248
407,20.9489177,52.2772809
423,20.9489177,52.2772809
458,20.95847606510924,52.2753348
136,20.9164536897514,52.25985775
69,20.9198504,52.2627699
90,20.92050489069974,52.2587466
67,20.89981993478395,52.24001005
71,20.90350344719789,52.24228955
124,20.90179953709302,52.243269
58,20.918669621008465,52.24090015
108,20.9230718453373,52.2424045
73,20.90119340304959,52.23579355
97,20.89992415,52.2333413
99,20.90119340304959,52.23579355
113,20.90119340304959,52.23579355
146,20.896170689790225,52.2352606
85,20.91051661750245,52.23551415
111,20.91080147461746,52.2342176
112,20.9123294,52.2343733
119,20.91080147461746,52.2342176
133,20.91143136775402,52.2361604
138,20.91080147461746,52.2342176
140,20.910284050696333,52.2341598
57,20.941373856014245,52.2555666
101,20.9441878,52.25690815
126,20.9510809465854,52.261908250000005
2443,20.9510809465854,52.261908250000005
65,20.9329996085963,52.255787600000005
68,20.9325778,52.2576907
76,20.9329989,52.2557842
82,20.9325778,52.2576907
93,20.93025555,52.25499575
116,20.939075606560305,52.25985365
120,20.9317673,52.2603396
128,20.9325778,52.2576907
72,20.89873952209812,52.26016655
81,20.9015209,52.2611811
70,20.89716365761654,52.24708425
92,20.907420144701,52.24632075
102,20.89716365761654,52.24708425
129,20.900794512921795,52.2462043
147,20.900794512921795,52.2462043
62,20.9203598,52.2561835
66,20.9255189940694,52.25918935
78,20.9255189940694,52.25918935
117,20.924270084864297,52.2557982
87,20.91958205035692,52.25503075
107,20.920434351631343,52.2519451
110,20.917887834243103,52.25408875
142,20.920434351631343,52.2519451
143,20.920434351631343,52.2519451
55,20.92543146341479,52.24956185
56,20.928002018624085,52.2514451
84,20.928002018624085,52.2514451
89,20.928002018624085,52.2514451
134,20.927123441949547,52.25082805
132,20.917762546389035,52.24886415
75,20.894697530310587,52.25405575
83,20.8952968,52.2506318
106,20.89510000155752,52.25516295
123,20.896280332640664,52.2575657
125,20.89002822927757,52.25393785
135,20.89039975,52.25652935
141,20.89515990895401,52.2567141
61,20.904320989321192,52.2309143
74,20.89977293432312,52.2295789
103,20.90351957087013,52.23057525
139,20.90944439768758,52.23205245
98,20.92204151933753,52.232264
130,20.919761183832385,52.23284335
2297,20.91674159785616,52.23211495
77,20.9003683,52.2240139
80,20.9003683,52.2240139
121,20.899806169199053,52.221351
54,20.91042127179944,52.22593845
59,20.902873821891603,52.22379995
60,20.9051987,52.2267369
96,20.913265563281875,52.22572105
115,20.913265563281875,52.22572105
122,20.90736465,52.2262578
131,20.913265563281875,52.22572105
64,20.9160859,52.2213478
104,20.90631921279055,52.22302745
105,20.902162437881863,52.2222372
137,20.9089102,52.2217012
86,20.91854591571169,52.22690045
91,20.91867296741841,52.22621624999999
94,20.9157514,52.2247724
109,20.9152133,52.2265892
118,20.916491068134714,52.22333475
63,20.89095743754737,52.23240895
79,20.889755067526465,52.23151655
127,20.889755067526465,52.23151655
145,20.89095743754737,52.23240895
88,20.881243875969474,52.21975105
95,20.89572041706188,52.228733950000006
100,20.89572041706188,52.228733950000006
114,20.890517046894,52.22818705
144,20.88578948667105,52.22680155
2192,20.958773640277776,52.18837755
2203,20.96011452134046,52.1875117
2210,20.96011452134046,52.1875117
2221,20.96011452134046,52.1875117
2164,20.963748234939423,52.182992
2184,20.97272117356618,52.1844249
2219,20.974017079196244,52.18284105
2220,20.97272117356618,52.1844249
2224,20.975907595084607,52.1819951
2153,20.9479953,52.17939
2186,20.9479953,52.17939
2207,20.939429062787354,52.19657985
2155,20.954405146366344,52.1937535
2204,20.94035035,52.19170585
2167,20.95310525,52.18895035
2215,20.93265195208804,52.1971871
2151,20.960492,52.1888837
2154,20.96489019628087,52.1931409
2158,20.9666143,52.1926589
2176,20.96866951427838,52.19468675
2195,20.960492,52.1888837
2199,20.96564985457617,52.19135095
2202,20.960492,52.1888837
2206,20.969747683167228,52.1913982
2208,20.96167383597936,52.18961465
2162,20.97364365,52.1925181
2196,20.979000250501898,52.1892435
2172,20.94491772242729,52.1804291
2211,20.944874124930795,52.17903115
2187,20.94007354048073,52.1772814
2216,20.94007354048073,52.1772814
2173,20.906980415169016,52.206616100000005
2180,20.904257676350547,52.2101757
2194,20.904257676350547,52.2101757
2198,20.908950086470075,52.2127316
2214,20.904257676350547,52.2101757
2223,20.9097296,52.2114048
2152,20.89463787242705,52.2058735
2175,20.90116833603952,52.204234
2177,20.89463787242705,52.2058735
2181,20.90136059222197,52.20263185
2191,20.89463787242705,52.2058735
2200,20.897599708152967,52.20532725
2209,20.89347,52.2058036
2212,20.906838357716897,52.2064338
2218,20.905157344085296,52.20628395
2150,20.919231997500003,52.20906535
2163,20.91465779673672,52.20880575
2165,20.9181582400615,52.20883445
2166,20.9152694,52.211980100000005
2169,20.912798652009386,52.2102878
2178,20.9155529,52.212389400000006
2188,20.9181582400615,52.20883445
2201,20.912798652009386,52.2102878
2205,20.9181582400615,52.20883445
2159,20.933242452972745,52.20657305
2168,20.92586438002392,52.20707965
2171,20.93010374817252,52.20740815
2179,20.92916802173626,52.2039177
2185,20.93167670397728,52.2091865
2189,20.92602278382193,52.204247550000005
2190,20.92329717129172,52.2047572
2174,20.910592470060376,52.2006303
2222,20.90567545164836,52.1986745
2156,20.91654990428547,52.19933225
2157,20.91958691686675,52.2007626
2160,20.923181975474183,52.19852695
2213,20.924775964115327,52.20191705
2217,20.9149352,52.20338605
2161,20.91302239155454,52.1976037
2182,20.916516818261417,52.198374650000005
2183,20.92122048512564,52.1942126
1632,20.8807239,52.2049503
1629,20.89218828339564,52.20151925
1631,20.889599111288742,52.1992457
1634,20.88917495633686,52.198375
1640,20.8876965,52.1978743
1669,20.88917495633686,52.198375
1638,20.9043962,52.1929623
1652,20.894788286618866,52.1870469
1665,20.90598155758698,52.19481715
1675,20.9000936,52.1901281
1683,20.909495233421865,52.193216500000005
1684,20.90575675873329,52.195052700000005
1621,20.8629946,52.1955291
1670,20.86729641336333,52.20050735
1681,20.86874619734609,52.2008583
1622,20.86470910979532,52.20190115
1628,20.86267129016926,52.1996982
1635,20.8664197290862,52.19930215
1645,20.86391966414112,52.20459195
1647,20.8664197290862,52.19930215
1627,20.864645828451387,52.1930606
1650,20.86806970510932,52.1964658
1651,20.87004195,52.19645625
1662,20.8643559,52.19410165
1666,20.86954250711034,52.19365305
1668,20.861560857931167,52.19375515
1623,20.87441591359224,52.1941763
1630,20.8751499,52.1962842
1661,20.879544230626152,52.1957279
1639,20.87967211608265,52.1905965
1659,20.88215545639141,52.19020585
1680,20.8805290056248,52.190534
1624,20.882149579733422,52.18663925
1653,20.86841190356199,52.18452785
1674,20.87005185243718,52.1841323
1677,20.87005185243718,52.1841323
1641,20.89882710339588,52.19621405
1646,20.89506635046439,52.197774300000006
1649,20.89882710339588,52.19621405
1654,20.89882710339588,52.19621405
1663,20.89882710339588,52.19621405
1664,20.89882710339588,52.19621405
1667,20.9000665,52.194799
1672,20.896906185717533,52.19913305
1679,20.89882710339588,52.19621405
1685,20.89545249020246,52.19680425
1625,20.889899993374748,52.19618800000001
1626,20.890740994792072,52.19155645
1636,20.88643639890925,52.1946978
1637,20.891767674327163,52.19600105
1642,20.886023928398345,52.1933085
1643,20.8944893802548,52.19564545
1644,20.895057790530245,52.1947661
1648,20.89272334044381,52.19396755
1656,20.8888752,52.1910218
1671,20.8917875,52.1963144
1673,20.883922181984943,52.1951827
1678,20.8899053,52.1953674
1633,20.89644015840674,52.191956000000005
1655,20.8903442869088,52.1894486
1657,20.895869325268706,52.19266325
1658,20.89647301929441,52.1936379
1660,20.88802888087946,52.1873216
1676,20.89803159548769,52.1937881
1682,20.89660259238544,52.1906051
1774,21.02026234297403,52.15807875
1865,21.02027464818431,52.1588174
1699,21.02490330815065,52.15786215
1790,21.027709835809176,52.15917755
1807,21.02490330815065,52.15786215
1846,21.029760874184547,52.15815445
1689,21.03005137833373,52.1608485
1724,21.0331370069802,52.1607795
1781,21.03055494486612,52.1647923
1818,21.030054925944384,52.16300325
1824,21.03055494486612,52.1647923
1793,21.032007437020205,52.16313845
1705,21.025649102618186,52.15427575
1708,21.026093822751086,52.1564935
1740,21.02442318442408,52.1531887
1752,21.025649102618186,52.15427575
1770,21.01998973396721,52.15500255
1786,21.02020259661551,52.15370945
1795,21.02657574635107,52.1520048
1847,21.02732477706482,52.15340545
1876,21.01998973396721,52.15500255
1711,21.028524889400387,52.153727200000006
1712,21.032415545604074,52.1563385
1746,21.032415545604074,52.1563385
1749,21.03168295190403,52.154745000000005
1803,21.03168295190403,52.154745000000005
1832,21.033974694764787,52.15326775
1757,21.03192721119715,52.15169415
1819,21.03192721119715,52.15169415
1687,21.03757953464548,52.1570847
1715,21.03813999797021,52.1591139
1733,21.03757953464548,52.1570847
1767,21.0393228997945,52.1577223
1779,21.0411921,52.1577386
1836,21.0393228997945,52.1577223
1851,21.0411269115838,52.1637009
1879,21.0398667,52.1644416
1713,21.0212810840196,52.148463500000005
1816,21.02080395,52.1496952
1710,21.025560550528663,52.15069745
1812,21.03030016432036,52.14377085
1839,21.03264755006504,52.1424658
1771,21.03684511493472,52.14844435
1694,21.04113450616081,52.1490505
1700,21.043216,52.1496857
1756,21.041472453764182,52.15088345
1763,21.041472453764182,52.15088345
1783,21.04113450616081,52.1490505
1810,21.0408109,52.1502252
1829,21.0450371,52.1494409
1831,21.03754949756742,52.15125315
1854,21.039740938957447,52.14980065
1878,21.039740938957447,52.14980065
1714,21.04826731378556,52.15336735
1755,21.04304160442588,52.15504605
1761,21.047008454783843,52.152422900000005
1842,21.04826731378556,52.15336735
1850,21.047008454783843,52.152422900000005
1871,21.04304160442588,52.15504605
1875,21.045327850000007,52.1521036
1747,21.05367442360637,52.1566368
1823,21.057579550263256,52.1561381
1827,21.0526969,52.1579926
1707,21.05694570210219,52.15413195
1734,21.059961008215858,52.153082
1758,21.05694570210219,52.15413195
1792,21.05694570210219,52.15413195
1804,21.0599833,52.1500014
1809,21.0599833,52.1500014
1861,21.059341729510955,52.151487200000005
1726,21.040498185255903,52.144085
1778,21.04227393524512,52.147119200000006
1798,21.040498185255903,52.144085
1799,21.040498185255903,52.144085
1826,21.040498185255903,52.144085
1845,21.040498185255903,52.144085
1736,21.047019058006825,52.1451949
1772,21.0439916,52.1453103
1729,21.050168990571,52.14780505
1744,21.053806570680884,52.1490323
1837,21.050739866318345,52.14911045
1843,21.052464445522943,52.1491677
1691,21.052790638023488,52.1505026
1693,21.052790638023488,52.1505026
1703,21.052790638023488,52.1505026
1727,21.056053286378464,52.15140005
1780,21.056053286378464,52.15140005
1802,21.056053286378464,52.15140005
1834,21.056053286378464,52.15140005
1860,21.052790638023488,52.1505026
1696,21.048886343490985,52.13953785
1754,21.04991819776791,52.1392308
1773,21.049553186923468,52.13850285
1840,21.051841103874622,52.13887695
1856,21.048886343490985,52.13953785
1872,21.048886343490985,52.13953785
1716,21.0566731,52.1401593
1828,21.05154580341648,52.14158845
1709,21.05584643429532,52.14457115
1719,21.0592553,52.1400054
1841,21.05584643429532,52.14457115
1686,21.06063889171225,52.145520950000005
1698,21.06063889171225,52.145520950000005
1702,21.0577647,52.1473634
1739,21.05621606537067,52.14543185
1753,21.064258452166666,52.14242425
1862,21.057061,52.1444573
1868,21.0577647,52.1473634
1718,21.06795524068942,52.143128750512986
1848,21.061114849883904,52.14888085
1825,21.05640251730677,52.1357017
1838,21.05640251730677,52.1357017
1745,21.05808375787583,52.13713945
1797,21.062969229443844,52.13970685
1777,21.064519142538916,52.13992592717799
1815,21.067942531572967,52.1392925
1857,21.065863199999995,52.138719550000005
1706,21.06095621999616,52.13375315
1725,21.06090226355364,52.132851900000006
1806,21.058927782340422,52.132593400000005
1849,21.064579667718423,52.13184105
1858,21.06090226355364,52.132851900000006
1880,21.05997526197756,52.1317628
1717,21.06485864613045,52.1336714
1796,21.0656514,52.1320837
1822,21.0678100272508,52.1329482
1867,21.0654519,52.1323207
1870,21.0681796,52.1331338
1720,21.06576624734805,52.1373565
1721,21.07329444361408,52.13283255
1811,21.06576624734805,52.1373565
1833,21.06576624734805,52.1373565
1844,21.07329444361408,52.13283255
1782,21.076580076382424,52.13422015
1808,21.076580076382424,52.13422015
1830,21.076580076382424,52.13422015
1877,21.076580076382424,52.13422015
1690,21.058218648083404,52.12852135
1765,21.057907179245284,52.1295102
1791,21.057907179245284,52.1295102
1814,21.05609184206349,52.1290795
1817,21.0615466830818,52.12855675
1864,21.058218648083404,52.12852135
1873,21.062155205903224,52.1280271
1853,21.062048023973915,52.1300904
1776,21.07555219378365,52.128126550000005
1787,21.07555219378365,52.128126550000005
1789,21.07747676682425,52.128576800000005
1835,21.073431,52.1286201
2144,21.08395785394193,52.1300879
1723,21.02939704976273,52.13901225
1730,21.019410503974047,52.134500200000005
1731,21.019739037389726,52.1346403
1748,21.02079443486349,52.1306182
1751,21.02079443486349,52.1306182
1760,21.01874305,52.1335755
1769,21.02094229454751,52.1321681
1805,21.019739037389726,52.1346403
1874,21.03083435320732,52.13761455
1788,21.03991461276327,52.11217405
1701,20.99422116196837,52.15672755
1764,20.99471442328018,52.16215845
1768,20.994299079756097,52.16869005
1813,20.99732843374123,52.1555802
1695,21.01376268112104,52.15322325
1741,21.01590550780655,52.15014055
1743,21.01580945,52.1510706
1855,21.01627913519262,52.1465288
1762,21.00845629989785,52.14307105
1800,21.009271725728155,52.14586285
1821,21.011200450041407,52.144077
1852,21.013175594762973,52.14294795
1738,21.001192,52.1422323
1732,21.01422836963883,52.1352216
1866,21.007367108984244,52.1344582
1801,21.01469860000001,52.1249122
1704,21.013236099577227,52.1092046
1722,20.99158296783365,52.1084634
1735,21.01292785,52.11413915
1742,21.00381819272097,52.1103503
1750,21.01436013489884,52.11349675
1759,21.01436013489884,52.11349675
1859,21.01436013489884,52.11349675
1869,21.01436013489884,52.11349675
1863,21.019642580724007,52.120641500000005
1688,21.032744214239514,52.10884845
1697,21.033605872630183,52.10894935
1737,21.033605872630183,52.10894935
1785,21.0306756,52.1084211
1692,21.03984247917372,52.1396031
1820,21.04805743065057,52.1374856
1728,21.0495988,52.1362303
1794,21.0495988,52.1362303
2072,21.07577774342361,52.1774047
2077,21.07577774342361,52.1774047
2078,21.08039289727575,52.17307995
2079,21.083683501040124,52.16999885
2082,21.08559134360633,52.16916235
2085,21.08559134360633,52.16916235
2092,21.07577774342361,52.1774047
2094,21.08023317086996,52.1722297
2101,21.08559134360633,52.16916235
2121,21.08793064611242,52.16759875
2125,21.08458944502315,52.17487585
2131,21.083536768085104,52.17479375
2133,21.075663219683907,52.17760715
2136,21.08350395,52.1731376
2143,21.07965186539877,52.1728004
2112,21.09024503319133,52.1599987
2130,21.09189133002763,52.15680945
2132,21.08891652750275,52.16009455
2068,21.10981923206052,52.16721225
2076,21.116365544717368,52.1668997
2090,21.106499441019032,52.17591785
2107,21.107414640005093,52.17358875
2126,21.10927547007089,52.17423735
2067,21.11643206745109,52.1635441
2073,21.11643206745109,52.1635441
2103,21.11643206745109,52.1635441
2100,21.12723035,52.1320224
2091,21.13541547510256,52.15241905
2063,21.054287629598782,52.16668955
2086,21.0673656,52.1589576
2087,21.06492072321023,52.161096400000005
2109,21.06886451139259,52.1586314
2110,21.063622853990307,52.1572246
2127,21.068741753898543,52.1595714
2135,21.06594441671797,52.158490650000005
2138,21.06594441671797,52.158490650000005
2140,21.06581395913017,52.16384955
2142,21.06320275387192,52.15951195
2083,21.06876293641393,52.17392765
2118,21.0679351,52.1727867
2129,21.06876293641393,52.17392765
2141,21.06810611348532,52.17357595
2070,21.07236275,52.17523575
2075,21.07222424999999,52.17501845
2115,21.06977725288932,52.1765233
2124,21.07236275,52.17523575
2147,21.075446155710964,52.1731138
2148,21.07552175,52.17512135
2066,21.07373173362196,52.17103695
2105,21.07373173362196,52.17103695
2128,21.07373173362196,52.17103695
2108,21.07853115880208,52.17049205
2119,21.079153200000004,52.16990815
2120,21.08092414190618,52.1698576
2060,21.07757367830427,52.16346345
2064,21.0697091,52.1661948
2065,21.06817287498469,52.16784385
2069,21.0697091,52.1661948
2089,21.07757367830427,52.16346345
2097,21.074751150395628,52.16366725
2113,21.0709634,52.1638226
2116,21.070316893528684,52.165700150000006
2123,21.075234271093684,52.16686835
2137,21.0729130075226,52.1622935
2146,21.07763121780879,52.16666125
2061,21.06312145,52.1524633
2062,21.06312145,52.1524633
2074,21.067389689080493,52.157617
2081,21.069151422852737,52.15767955
2084,21.069151422852737,52.15767955
2093,21.07333225653048,52.1566243
2098,21.067389689080493,52.157617
2099,21.068855327110512,52.15613985
2102,21.067983840455007,52.1569592
2104,21.069151422852737,52.15767955
2114,21.067389689080493,52.157617
2122,21.067389689080493,52.157617
2106,21.08375867047723,52.15942315
2117,21.07936976726803,52.16163465
2139,21.0835419,52.1632361
2096,21.07475880124137,52.15533535
2071,21.08176902899799,52.15737245
2145,21.081592883566795,52.1540478
2149,21.0965721,52.1226796
1766,21.0971396,52.1268722
1775,21.0971396,52.1268722
1784,21.0971396,52.1268722
2080,21.101550888029383,52.132912700000006
2088,21.102106346619124,52.120678350000006
2095,21.102106346619124,52.120678350000006
2111,21.102106346619124,52.120678350000006
1919,21.1324166,52.2377501
1958,21.134025800941217,52.23262975
1995,21.1439161,52.2276265
1881,21.157492334490293,52.23367275
1885,21.16206924125169,52.2419015
1892,21.145514143584634,52.23052345
1906,21.158428230333243,52.24157935
1907,21.153735455471185,52.23716075
1928,21.15714149632238,52.2361509
1945,21.142921345731388,52.2387119
1976,21.16206924125169,52.2419015
1991,21.15365336902348,52.23986305
1993,21.147521701049826,52.23392555
2030,21.150615408668152,52.23772345
1898,21.1909515,52.2169336
1926,21.1909515,52.2169336
1929,21.1909515,52.2169336
1937,21.1909515,52.2169336
1940,21.1909515,52.2169336
1989,21.1909515,52.2169336
2010,21.1909515,52.2169336
1943,21.09951408841148,52.2167317
1970,21.110348611091304,52.21325995
1979,21.110348611091304,52.21325995
2008,21.1095803,52.2128947
1955,21.136313640247124,52.22077555
1905,21.12618032065804,52.20082785
1930,21.124408946071057,52.2004426
1952,21.1262402,52.1983817
1966,21.12125687073172,52.1981698
1986,21.12618032065804,52.20082785
1888,21.146850233872303,52.2024397
1921,21.146997904421767,52.202639
1938,21.1334903,52.1975859
1961,21.1467141,52.2007498
1902,21.149060006648146,52.1919244
1909,21.141411809088485,52.18741051098774
1915,21.1455799,52.1951698
1954,21.1568246977792,52.18431445
1967,21.149060006648146,52.1919244
2005,21.144249,52.1983762
2007,21.149060006648146,52.1919244
1887,21.150391262500115,52.22100335
1908,21.14210626822996,52.2258489
1914,21.1448841,52.2191102
1974,21.14210626822996,52.2258489
1990,21.1429081528185,52.2250988
1998,21.14032179809091,52.2219841
2001,21.14750818373832,52.2151292
1931,21.1618562146238,52.20993875
1934,21.164295801020984,52.21359965
1960,21.161821731127787,52.2145235
1969,21.162607309227703,52.212047850000005
1980,21.152727650000003,52.2245741
1984,21.15971737994731,52.2149683
1994,21.1614764,52.21558065
1896,21.173379014016,52.2156171
1917,21.168856587764605,52.2177808
1935,21.163793887179366,52.2210116
1948,21.168856587764605,52.2177808
1956,21.16915123249251,52.2169402
1972,21.16915123249251,52.2169402
1982,21.169660798152563,52.2219993
2004,21.16915123249251,52.2169402
1895,21.16687405000002,52.198269100000005
1983,21.162910091620105,52.2047008
1890,21.189770730895987,52.20515575
1941,21.1992699,52.208622
1946,21.19632350800268,52.20558695
1962,21.189770730895987,52.20515575
1965,21.189770730895987,52.20515575
1975,21.19632350800268,52.20558695
2000,21.189770730895987,52.20515575
1882,21.171444468365387,52.204105850000005
1883,21.1770024,52.2101573
1894,21.17395451072825,52.2071229
1899,21.1806419,52.207869200000005
1900,21.17395451072825,52.2071229
1903,21.17395451072825,52.2071229
1910,21.17661288367197,52.202474
1920,21.17395451072825,52.2071229
1936,21.180535974739435,52.20293535
1953,21.17395451072825,52.2071229
1957,21.17395451072825,52.2071229
1977,21.17023003943832,52.2059156
1997,21.17395451072825,52.2071229
1947,21.17900032874016,52.19484545
1916,21.17386033169925,52.18536825
1923,21.179113362105795,52.18780935
2006,21.17596665135861,52.1881833
1884,21.19758573609916,52.1857137
1942,21.198474519817545,52.18273335
1951,21.19344356475818,52.18601925
1973,21.19699363464473,52.1859558
1971,21.2260242160552,52.18678645
2009,21.2260242160552,52.18678645
1911,21.177712563495056,52.179986150000005
1944,21.178176245282188,52.17168665
1988,21.18648167358279,52.17147075
1904,21.19127462634114,52.1794386
1981,21.19316,52.17724
1992,21.190033839209807,52.1800522
2047,21.1917548,52.1726523
1886,21.19236143517108,52.18176955
1891,21.19236143517108,52.18176955
1901,21.197426642639016,52.18246305
1939,21.19236143517108,52.18176955
1978,21.205622116150245,52.17423465
1996,21.19921506376785,52.1806878
1999,21.204878038231666,52.1712211
2002,21.204878038231666,52.1712211
1893,21.20522867762942,52.16509525
1913,21.20666125194407,52.15964725
1918,21.20044467345707,52.16449725
1987,21.19867641435361,52.163145
1949,21.204686437593267,52.1529988
1963,21.20210102888145,52.1583489
1964,21.20262424678237,52.1559084
1968,21.204686437593267,52.1529988
1897,21.215426865137573,52.17048735
1912,21.21175434171076,52.16844685
1922,21.2170714,52.1695086
1889,21.2244483,52.1620683
1927,21.222349978811685,52.16414635
2003,21.216814945609176,52.1600446
22,21.15320486914178,52.17695635
1925,21.1598477,52.1737182
1932,21.1598477,52.1737182
1950,21.15320486914178,52.17695635
1959,21.14851015658499,52.1795038
1924,21.16754781949499,52.15945915
1933,21.166557251939487,52.16149035
2011,21.1838604,52.1558237
1985,21.23792180100749,52.16991785
1153,21.132355,52.2594662
1169,21.132355,52.2594662
1166,21.136213661466165,52.246773000000005
1167,21.136213661466165,52.246773000000005
1168,21.136213661466165,52.246773000000005
1173,21.136213661466165,52.246773000000005
1152,21.161952165768227,52.26337115
1155,21.15646848846381,52.26303995
1158,21.164575041386986,52.26351115
1162,21.1594522,52.2593093
1164,21.1669361348761,52.26526885
1165,21.1669361348761,52.26526885
1171,21.16712845263985,52.26438225
1172,21.1533744,52.259656
1154,21.1658659,52.2707572
1156,21.15306863358044,52.26650985
1159,21.1541716,52.266595550000005
1157,21.17700795151666,52.25897675
1160,21.17029361762126,52.26571785
1161,21.166820968567297,52.25724695
1170,21.183727446532217,52.2638103
1151,21.16431279446256,52.2529832
1163,21.16825481048479,52.2507243
2017,21.178755349999992,52.245112
1557,21.061140271756457,52.26919835
1560,21.061140271756457,52.26919835
1511,21.0689936,52.2608333
1544,21.0689936,52.2608333
1574,21.06900204751296,52.2664355
1594,21.06900204751296,52.2664355
1611,21.0691115,52.2676522
1529,21.08281973776512,52.2760095
1545,21.077256299999995,52.273712450000005
1618,21.08281973776512,52.2760095
1508,21.07439345711776,52.2851232
1535,21.07439345711776,52.2851232
1542,21.074231538565133,52.2823229
1550,21.07402896541692,52.28465515
1566,21.07439345711776,52.2851232
1568,21.07606111094592,52.28234935
1584,21.07801373835125,52.2841581
1598,21.08080752472952,52.28447135
1517,21.0740538,52.279440050000005
1552,21.074529332520537,52.27973115
1604,21.073327444007127,52.28037935
1589,21.0281029,52.2749641
1543,21.04022781267605,52.2732015
1608,21.03965684145463,52.2735498
1516,21.0294564,52.2763267
1521,21.0294564,52.2763267
1553,21.0294564,52.2763267
1583,21.0294564,52.2763267
1620,21.0294564,52.2763267
1524,21.02057665096489,52.2940454
1564,21.02057665096489,52.2940454
1603,21.02244148881685,52.29386465
1606,21.0234503365416,52.2935894
1502,21.022032350000003,52.29160655
1520,21.027685797944383,52.2871563
1536,21.025839717839403,52.29164495
1541,21.02386310226283,52.28621725
1549,21.024751249999994,52.289844650000006
1556,21.02386310226283,52.28621725
1558,21.0261491,52.2908597
1572,21.02386310226283,52.28621725
1592,21.024507079712457,52.28720725
1602,21.02386310226283,52.28621725
1510,21.0312384,52.2904507
1534,21.0312384,52.2904507
1540,21.0312384,52.2904507
1610,21.0312384,52.2904507
1570,21.038998583591187,52.2859587
1528,21.0431923,52.28653015
1538,21.044339783436005,52.2868384
1509,21.0516982,52.291315
1522,21.048491,52.288297
1616,21.0516982,52.291315
1579,21.04448769731682,52.2894603
1581,21.0481465,52.2906391
1563,21.04122441400596,52.2984321
1571,21.03958005,52.29824655
1527,21.03874575,52.29443785
1580,21.038022742977603,52.29538335
1607,21.03495619484948,52.29474765
1591,21.05146345,52.29732845
1506,21.056385910482103,52.2970818
1547,21.046313283045976,52.2946842
1562,21.046313283045976,52.2946842
1599,21.046313283045976,52.2946842
1601,21.0472653465222,52.2961491
1519,21.02815944809401,52.28489295
1523,21.02960503775342,52.28747915
1504,21.04643155,52.2752865
1513,21.05129288291667,52.2746143
1573,21.05206200652789,52.2755345
1593,21.045125111860514,52.27441555
1518,21.042006852080767,52.2686466
1525,21.0451951,52.2723079
1531,21.04943769826689,52.2707801
1555,21.047709981914057,52.2682865
1505,21.0601279,52.2750169
1530,21.0601279,52.2750169
1532,21.0601279,52.2750169
1533,21.058948371463966,52.27308335
1537,21.0601279,52.2750169
1539,21.0601279,52.2750169
1609,21.0601279,52.2750169
1503,21.054713950000004,52.2689263
1612,21.05383236196949,52.2721427
1595,21.0792928,52.3054349
163,21.05618442111057,52.2989281
1600,21.05769892745837,52.2804873
1615,21.05769892745837,52.2804873
1561,21.050780842408425,52.28191685
1548,21.05461221444052,52.29008025
1559,21.05766465,52.2915251
1569,21.056046578236383,52.28559265
1578,21.0752426,52.2883175
1596,21.0764947,52.2901082
1613,21.0764947,52.2901082
1501,21.062357275309648,52.284512
1546,21.066914590083044,52.288914
1565,21.07210280064103,52.2843508
1585,21.06808748242821,52.28783985
1515,21.05996992007168,52.2788351
1526,21.059743850000004,52.27863305
1590,21.0811799,52.290118
1507,21.030882603766287,52.29561095
1512,21.0303403,52.297446750000006
1551,21.030333817527747,52.29658515
1554,21.029043894817416,52.29599965
1575,21.030333817527747,52.29658515
1588,21.030333817527747,52.29658515
1514,21.0850452,52.2614271
1582,21.0850452,52.2614271
231,21.0027257,52.2940006
235,20.99173978890329,52.30632345
242,20.98963115342373,52.3043751
298,20.98798795526926,52.30663555
321,20.99440469601809,52.30790035
216,20.979851247672745,52.31383495
250,20.9791873,52.3136272
173,20.973754692798764,52.31182205
150,20.966839421804817,52.3174284
174,20.9719603,52.314233
211,20.966839421804817,52.3174284
302,20.972473,52.3048053
1576,21.016612912946904,52.2956037
1586,21.016612912946904,52.2956037
294,21.0219231,52.3018544
177,20.9770918,52.3024365
208,20.9763271,52.30638385
285,20.981912443609808,52.2995686
154,21.0306,52.310829350000006
172,21.029286317581416,52.3138959
186,21.0322495,52.3171515
219,21.030846656724567,52.31106455
228,21.0304985,52.3110476
289,21.03412062785709,52.3165087
290,21.023247046785897,52.31496195
212,21.046206811908373,52.30432235
287,21.000087,52.31874355
320,20.99945834508905,52.31970065
227,21.0094736,52.319888
151,20.94177375548701,52.32016775
222,20.949783420019934,52.3185177
224,20.95039517725841,52.32194115
244,20.948735720463816,52.3219957
245,20.94730978527952,52.31899295
268,20.9437326991383,52.31958745
296,20.945427026144696,52.3166445
300,20.9512472,52.3182353
306,20.943023365107265,52.32004115
149,20.95965860641354,52.31501925
175,20.95765104964324,52.31454425
202,20.9532725,52.3135966
221,20.95965860641354,52.31501925
253,20.95965860641354,52.31501925
270,20.96064766636337,52.3134736
276,20.9532725,52.3135966
284,20.95965860641354,52.31501925
313,20.954840107788733,52.31616015
323,20.95764145649756,52.31577575
171,20.96233480028544,52.3208507
180,20.964355649310843,52.3216906
203,20.96080498117124,52.32100865
315,20.9591675,52.3177662
162,20.96274235,52.33232995
204,20.95545289390298,52.329016550000006
273,20.977291697266025,52.325481800000006
292,20.976849304085583,52.31944635
201,20.96415391753312,52.3361776
262,20.96415391753312,52.3361776
307,20.965215847260275,52.3330465
198,20.973133720700027,52.326324150000005
233,20.9680452,52.32656
238,20.96934855636613,52.3307386
274,20.97486602162012,52.33039475
275,20.97486602162012,52.33039475
279,20.96934855636613,52.3307386
325,20.97010517901249,52.32504455
251,20.97310484896562,52.3480086
283,20.97310484896562,52.3480086
184,20.98250636523268,52.33290635
256,21.0317403170365,52.35636995
277,21.03019922486432,52.33588795
303,21.0224274,52.3303013
148,21.0534525,52.3525924
196,21.03904286250244,52.3603349
199,21.0560199630195,52.35604845
200,21.041550513391137,52.352143600000005
205,21.045412147278416,52.36336125
209,21.037055779711785,52.35537215
215,21.047314900259515,52.3574837
237,21.041550513391137,52.352143600000005
260,21.042159516994047,52.3532576
308,21.0541877,52.3499434
319,21.0422272,52.3519445
169,21.058430087726464,52.34138395
191,21.055258767369228,52.3476313
220,21.05532953698223,52.34574865
234,21.039958814619883,52.3395432
252,21.058067046780508,52.33031215
255,21.046515023466952,52.33643665
263,21.04745498498749,52.3320747
264,21.053419603025148,52.3353965
322,21.04487215259283,52.3323485
324,21.0478079,52.3372016
170,21.044837433406848,52.3265626
188,21.04623552401422,52.3291379
240,21.04676783490941,52.3271383
257,21.04676783490941,52.3271383
153,21.06550899349464,52.31059055
156,21.06864494554241,52.3111945
157,21.067278700000003,52.3101016
230,21.0783853,52.3134987
236,21.06814255219082,52.31497225
248,21.06550899349464,52.31059055
269,21.06735504925074,52.31170285
282,21.0673602,52.3152248
286,21.07396385,52.32038575
309,21.07396385,52.32038575
168,21.06521039032258,52.3269244
192,21.06598667511737,52.324046
207,21.06521039032258,52.3269244
218,21.07734569432704,52.3225028
291,21.07533350748336,52.3246619
297,21.06671851076066,52.32721935
266,21.0599025,52.3116063
281,21.05249937134387,52.3114438
152,21.0502895,52.3176899
193,21.05425879046815,52.32111985
195,21.0575014,52.3194851
210,21.06019481252333,52.3172629
214,21.064672954804845,52.3181513
229,21.0574114892734,52.3235429
232,21.0506705,52.3214134
241,21.058465905586864,52.3230007
254,21.0596946,52.3162546
295,21.0596946,52.3162546
310,21.055005915511696,52.3189521
312,21.05006479810736,52.32106915
158,20.95066756513897,52.33015965
165,20.947317544642857,52.32954495
181,20.945502018819063,52.33095745
182,20.95291448350569,52.3326008
194,20.954074700000007,52.3298205
197,20.95158349997212,52.33228545
217,20.944758972522123,52.33041515
155,20.93787350296956,52.3241579
160,20.9393235328125,52.32268515
187,20.938710765639915,52.3191983
189,20.93787350296956,52.3241579
223,20.937341565524413,52.3286198
226,20.94153252931067,52.321645200000006
239,20.94235630093721,52.32222595
246,20.94452081,52.328377200000006
247,20.9419441732812,52.3219379
301,20.94271765230168,52.32255475
243,20.95808836337733,52.3326557
316,20.95698990000001,52.33519555
261,20.9454388139821,52.338058
304,20.9454388139821,52.338058
167,20.94424876356604,52.34535915
206,20.93901666686212,52.34244905
225,20.9389837,52.3398738
249,20.94424876356604,52.34535915
258,20.944948061004325,52.3475402
267,20.94400352220069,52.34168
271,20.941343487832565,52.34096081604054
278,20.9409258,52.3412347
311,20.9453382788914,52.34196905
305,20.9605354888753,52.3390136
259,20.9434576,52.360888
318,20.9490694,52.3617497
159,20.9934954,52.3535865
166,20.98086688180047,52.34885495
190,20.981535,52.3575189
272,20.975367890341285,52.3543447
280,20.983192091370213,52.357026000000005
288,20.9934954,52.3535865
314,20.975367890341285,52.3543447
317,20.975367890341285,52.3543447
164,20.943588180185785,52.3310574
176,20.93437834411059,52.33390824999999
178,20.9352128,52.3325686
179,20.941266577923265,52.33696505
185,20.9411301,52.3343853
293,20.942008572922568,52.33054285
161,20.99118605,52.33952845
183,20.99326980571416,52.340246050000005
213,20.990548196474627,52.3421046
265,21.0000045978,52.3358761
299,21.008975825,52.33407125
349,21.20006068561285,52.24117555
1285,21.1876874,52.2474018
1335,21.1876874,52.2474018
1393,21.1876874,52.2474018
1438,21.1876874,52.2474018
1492,21.1876874,52.2474018
2016,21.194464963606727,52.24851055
2020,21.194464963606727,52.24851055
2037,21.191114402708983,52.2455667
2041,21.1902142,52.2450168
2051,21.191022675,52.23920855
2497,21.221591,52.2404482
565,21.2223044,52.2516657
1181,21.22594005,52.25327485
1617,21.23754195272189,52.250308200000006
2018,21.23180139264847,52.2499039
2021,21.221213,52.2526139
2022,21.25367023461843,52.24974905
2028,21.216788018146936,52.25105915
2033,21.24599589192516,52.249644
2042,21.2234818,52.2524772
2048,21.216788018146936,52.25105915
2054,21.22649455270851,52.25092775
1077,21.2099953,52.2249059
1096,21.2099953,52.2249059
1104,21.2099953,52.2249059
1123,21.2099953,52.2249059
2012,21.2440375,52.225029
2013,21.234230756034368,52.2240409410142
2032,21.2543073,52.235245
2040,21.22229755501698,52.2250545
1209,21.23896500103569,52.2163933
2015,21.2490352,52.2199622
2023,21.23997049584169,52.217177750000005
2024,21.2348011,52.2178159
2026,21.23545093011257,52.2186499
2031,21.237947724234125,52.21585965
2039,21.23962955,52.215784
2046,21.2447562,52.2204862
2053,21.23997049584169,52.217177750000005
2055,21.237853588284107,52.2182631
40,21.2227145,52.2192725
48,21.2227145,52.2192725
1309,21.2227145,52.2192725
2014,21.22778205,52.2169138
2025,21.21624347442997,52.21686045
2029,21.22946565,52.21627085
2043,21.2283185,52.2196504
2044,21.21624347442997,52.21686045
2045,21.2171663,52.2190478
2049,21.21624347442997,52.21686045
2050,21.21624347442997,52.21686045
2052,21.21624347442997,52.21686045
2056,21.21624347442997,52.21686045
2057,21.21624347442997,52.21686045
2058,21.21624347442997,52.21686045
2059,21.226758,52.2152229
2344,21.2227145,52.2192725
2392,21.2227145,52.2192725
